0.000000, 0.0, 0.000000
0.000000, 0.000000, 0.000000
0.036000, 0.000000, 0.000032
0.037600, 0.000000, 0.000065
0.041200, 0.000000, 0.000101
0.054000, 0.000000, 0.000149
0.054400, 0.000000, 0.000197
0.057200, 0.000038, 0.000197
0.067600, 0.000082, 0.000197
0.068400, 0.000082, 0.000257
0.072000, 0.000129, 0.000257
0.073400, 0.000129, 0.000322
0.074200, 0.000129, 0.000387
0.078200, 0.000129, 0.000456
0.086800, 0.000186, 0.000456
0.087200, 0.000186, 0.000533
0.090800, 0.000245, 0.000533
0.093800, 0.000245, 0.000615
0.094200, 0.000245, 0.000698
0.097200, 0.000309, 0.000698
0.097800, 0.000373, 0.000698
0.104600, 0.000373, 0.000791
0.110800, 0.000373, 0.000888
0.111800, 0.000373, 0.000987
0.114600, 0.000373, 0.001088
0.119200, 0.000373, 0.001193
0.120000, 0.000373, 0.001299
0.120600, 0.000373, 0.001405
0.121600, 0.000373, 0.001512
0.123000, 0.000373, 0.001620
0.124000, 0.000373, 0.001730
0.124400, 0.000373, 0.001839
0.124800, 0.000373, 0.001949
0.125200, 0.000373, 0.002060
0.128600, 0.000373, 0.002173
0.128800, 0.000373, 0.002286
0.128800, 0.000373, 0.002400
0.129000, 0.000373, 0.002514
0.130000, 0.000373, 0.002628
0.130200, 0.000373, 0.002743
0.131000, 0.000373, 0.002858
0.131400, 0.000373, 0.002974
0.131800, 0.000460, 0.002974
0.132400, 0.000460, 0.003091
0.134800, 0.000460, 0.003209
0.136800, 0.000460, 0.003330
0.139800, 0.000551, 0.003330
0.140800, 0.000551, 0.003454
0.145000, 0.000551, 0.003582
0.146000, 0.000551, 0.003711
0.151000, 0.000551, 0.003844
0.154600, 0.000551, 0.003980
0.159600, 0.000656, 0.003980
0.160600, 0.000656, 0.004121
0.164000, 0.000656, 0.004266
0.165000, 0.000656, 0.004411
0.166000, 0.000656, 0.004558
0.166000, 0.000656, 0.004704
0.170200, 0.000768, 0.004704
0.170400, 0.000768, 0.004854
0.171400, 0.000880, 0.004854
0.172200, 0.000880, 0.005006
0.172600, 0.000880, 0.005158
0.174200, 0.000880, 0.005311
0.174200, 0.000880, 0.005465
0.175400, 0.000880, 0.005619
0.176000, 0.000880, 0.005774
0.177800, 0.000880, 0.005931
0.178400, 0.000880, 0.006088
0.186600, 0.000880, 0.006253
0.188400, 0.000880, 0.006419
0.190600, 0.000880, 0.006587
0.190800, 0.000880, 0.006755
0.193000, 0.000880, 0.006925
0.194400, 0.000880, 0.007096
0.199400, 0.001011, 0.007096
0.199800, 0.001011, 0.007272
0.200000, 0.001142, 0.007272
0.200400, 0.001142, 0.007449
0.200800, 0.001142, 0.007626
0.201400, 0.001142, 0.007803
0.203000, 0.001142, 0.007982
0.205600, 0.001142, 0.008163
0.206800, 0.001142, 0.008346
0.208000, 0.001278, 0.008346
0.208400, 0.001278, 0.008529
0.209000, 0.001415, 0.008529
0.210000, 0.001415, 0.008714
0.210400, 0.001553, 0.008714
0.211200, 0.001553, 0.008900
0.211200, 0.001692, 0.008900
0.211400, 0.001692, 0.009087
0.213400, 0.001832, 0.009087
0.213800, 0.001972, 0.009087
0.215200, 0.002113, 0.009087
0.215800, 0.002113, 0.009277
0.215800, 0.002255, 0.009277
0.216600, 0.002255, 0.009468
0.217600, 0.002255, 0.009660
0.218600, 0.002255, 0.009852
0.219000, 0.002255, 0.010045
0.220600, 0.002255, 0.010240
0.222600, 0.002400, 0.010240
0.223400, 0.002400, 0.010436
0.225200, 0.002548, 0.010436
0.225600, 0.002548, 0.010635
0.225600, 0.002548, 0.010834
0.227200, 0.002697, 0.010834
0.228800, 0.002847, 0.010834
0.231200, 0.002999, 0.010834
0.236000, 0.002999, 0.011042
0.237600, 0.003155, 0.011042
0.238000, 0.003155, 0.011252
0.238000, 0.003155, 0.011461
0.240800, 0.003155, 0.011674
0.241200, 0.003313, 0.011674
0.241600, 0.003471, 0.011674
0.241800, 0.003630, 0.011674
0.244400, 0.003630, 0.011889
0.245400, 0.003791, 0.011889
0.246800, 0.003952, 0.011889
0.248200, 0.004115, 0.011889
0.248600, 0.004278, 0.011889
0.249400, 0.004442, 0.011889
0.250200, 0.004442, 0.012109
0.250800, 0.004606, 0.012109
0.251200, 0.004771, 0.012109
0.251400, 0.004936, 0.012109
0.251600, 0.004936, 0.012331
0.252600, 0.004936, 0.012554
0.253200, 0.004936, 0.012777
0.254000, 0.005102, 0.012777
0.255200, 0.005270, 0.012777
0.255600, 0.005437, 0.012777
0.257600, 0.005437, 0.013004
0.258600, 0.005437, 0.013232
0.259000, 0.005607, 0.013232
0.260200, 0.005607, 0.013461
0.261400, 0.005607, 0.013691
0.261400, 0.005778, 0.013691
0.262000, 0.005778, 0.013922
0.266400, 0.005778, 0.014157
0.267000, 0.005953, 0.014157
0.267600, 0.006129, 0.014157
0.267800, 0.006129, 0.014393
0.268000, 0.006305, 0.014393
0.269000, 0.006481, 0.014393
0.270800, 0.006481, 0.014632
0.271600, 0.006481, 0.014871
0.272000, 0.006659, 0.014871
0.273000, 0.006659, 0.015111
0.274800, 0.006840, 0.015111
0.276200, 0.006840, 0.015355
0.276400, 0.007021, 0.015355
0.276800, 0.007202, 0.015355
0.278600, 0.007202, 0.015600
0.278800, 0.007385, 0.015600
0.279400, 0.007385, 0.015847
0.281600, 0.007570, 0.015847
0.281800, 0.007755, 0.015847
0.282200, 0.007940, 0.015847
0.282600, 0.008125, 0.015847
0.283000, 0.008310, 0.015847
0.283800, 0.008496, 0.015847
0.284600, 0.008683, 0.015847
0.286800, 0.008683, 0.016099
0.286800, 0.008871, 0.016099
0.295400, 0.009065, 0.016099
0.296800, 0.009065, 0.016361
0.299000, 0.009065, 0.016624
0.299800, 0.009065, 0.016889
0.300200, 0.009262, 0.016889
0.303200, 0.009262, 0.017156
0.303200, 0.009460, 0.017156
0.303800, 0.009660, 0.017156
0.306200, 0.009860, 0.017156
0.307600, 0.009860, 0.017427
0.308200, 0.009860, 0.017698
0.309000, 0.009860, 0.017971
0.309400, 0.010063, 0.017971
0.309400, 0.010266, 0.017971
0.310200, 0.010470, 0.017971
0.311400, 0.010470, 0.018245
0.311800, 0.010674, 0.018245
0.312200, 0.010674, 0.018520
0.315000, 0.010881, 0.018520
0.316200, 0.010881, 0.018799
0.316400, 0.011088, 0.018799
0.316400, 0.011296, 0.018799
0.317000, 0.011296, 0.019078
0.318400, 0.011504, 0.019078
0.319400, 0.011714, 0.019078
0.320200, 0.011924, 0.019078
0.326400, 0.011924, 0.019366
0.327200, 0.012138, 0.019366
0.328400, 0.012138, 0.019655
0.328400, 0.012354, 0.019655
0.329800, 0.012354, 0.019946
0.331000, 0.012571, 0.019946
0.332600, 0.012789, 0.019946
0.332800, 0.013007, 0.019946
0.333800, 0.013226, 0.019946
0.334000, 0.013226, 0.020240
0.335000, 0.013226, 0.020535
0.336600, 0.013226, 0.020832
0.343200, 0.013451, 0.020832
0.345600, 0.013451, 0.021136
0.345800, 0.013678, 0.021136
0.347000, 0.013678, 0.021442
0.347800, 0.013906, 0.021442
0.354600, 0.014138, 0.021442
0.355600, 0.014138, 0.021756
0.355800, 0.014138, 0.022069
0.357800, 0.014373, 0.022069
0.358200, 0.014608, 0.022069
0.361800, 0.014608, 0.022388
0.364800, 0.014608, 0.022709
0.366000, 0.014608, 0.023032
0.368000, 0.014849, 0.023032
0.369400, 0.015091, 0.023032
0.372000, 0.015091, 0.023360
0.373800, 0.015091, 0.023689
0.373800, 0.015336, 0.023689
0.373800, 0.015581, 0.023689
0.375000, 0.015827, 0.023689
0.380200, 0.015827, 0.024024
0.383200, 0.016078, 0.024024
0.387800, 0.016078, 0.024366
0.387800, 0.016333, 0.024366
0.390200, 0.016589, 0.024366
0.393600, 0.016589, 0.024713
0.395800, 0.016589, 0.025061
0.397800, 0.016589, 0.025412
0.398800, 0.016589, 0.025763
0.399800, 0.016589, 0.026116
0.407800, 0.016589, 0.026475
0.408800, 0.016857, 0.026475
0.413800, 0.016857, 0.026840
0.416800, 0.017130, 0.026840
0.417600, 0.017130, 0.027208
0.419000, 0.017130, 0.027577
0.420000, 0.017130, 0.027947
0.426400, 0.017409, 0.027947
0.427600, 0.017409, 0.028324
0.430200, 0.017692, 0.028324
0.436000, 0.017977, 0.028324
0.438200, 0.017977, 0.028710
0.438200, 0.018265, 0.028710
0.438400, 0.018552, 0.028710
0.439000, 0.018552, 0.029097
0.442800, 0.018552, 0.029487
0.446000, 0.018552, 0.029880
0.448200, 0.018846, 0.029880
0.448800, 0.019140, 0.029880
0.449800, 0.019140, 0.030276
0.452400, 0.019140, 0.030675
0.453600, 0.019438, 0.030675
0.456400, 0.019438, 0.031077
0.456600, 0.019438, 0.031480
0.460400, 0.019438, 0.031885
0.461800, 0.019438, 0.032292
0.462200, 0.019741, 0.032292
0.462800, 0.020044, 0.032292
0.472200, 0.020044, 0.032708
0.474200, 0.020044, 0.033126
0.474600, 0.020356, 0.033126
0.475200, 0.020356, 0.033545
0.476000, 0.020356, 0.033964
0.478000, 0.020356, 0.034386
0.484200, 0.020673, 0.034386
0.486200, 0.020992, 0.034386
0.487800, 0.020992, 0.034815
0.488400, 0.020992, 0.035246
0.491000, 0.021314, 0.035246
0.500200, 0.021642, 0.035246
0.500400, 0.021642, 0.035687
0.500800, 0.021642, 0.036128
0.503000, 0.021642, 0.036571
0.505000, 0.021642, 0.037016
0.506600, 0.021642, 0.037463
0.507800, 0.021642, 0.037910
0.514800, 0.021642, 0.038364
0.515400, 0.021642, 0.038818
0.518000, 0.021642, 0.039274
0.521400, 0.021642, 0.039734
0.524400, 0.021986, 0.039734
0.527200, 0.021986, 0.040198
0.534200, 0.021986, 0.040669
0.538200, 0.022338, 0.040669
0.538600, 0.022692, 0.040669
0.539000, 0.023045, 0.040669
0.540400, 0.023045, 0.041145
0.540600, 0.023400, 0.041145
0.541600, 0.023755, 0.041145
0.543600, 0.023755, 0.041624
0.544000, 0.023755, 0.042104
0.545600, 0.023755, 0.042585
0.545800, 0.024113, 0.042585
0.547400, 0.024471, 0.042585
0.548800, 0.024471, 0.043068
0.549600, 0.024471, 0.043552
0.550200, 0.024471, 0.044037
0.550600, 0.024832, 0.044037
0.550800, 0.024832, 0.044523
0.553800, 0.024832, 0.045011
0.553800, 0.025196, 0.045011
0.554600, 0.025559, 0.045011
0.556600, 0.025559, 0.045501
0.559600, 0.025559, 0.045994
0.559600, 0.025926, 0.045994
0.560800, 0.025926, 0.046488
0.560800, 0.026294, 0.046488
0.574000, 0.026294, 0.046994
0.574600, 0.026294, 0.047501
0.577800, 0.026673, 0.047501
0.581000, 0.026673, 0.048013
0.584600, 0.026673, 0.048528
0.590000, 0.026673, 0.049048
0.591200, 0.027060, 0.049048
0.591400, 0.027448, 0.049048
0.593400, 0.027448, 0.049571
0.596000, 0.027839, 0.049571
0.597400, 0.027839, 0.050097
0.598600, 0.027839, 0.050624
0.598800, 0.028232, 0.050624
0.603000, 0.028232, 0.051156
0.603400, 0.028232, 0.051688
0.604000, 0.028232, 0.052220
0.605200, 0.028628, 0.052220
0.606000, 0.029026, 0.052220
0.607800, 0.029026, 0.052755
0.610600, 0.029026, 0.053293
0.610800, 0.029026, 0.053832
0.614400, 0.029026, 0.054373
0.615200, 0.029026, 0.054915
0.624200, 0.029435, 0.054915
0.624600, 0.029845, 0.054915
0.630600, 0.029845, 0.055471
0.638000, 0.029845, 0.056033
0.639200, 0.030264, 0.056033
0.640000, 0.030683, 0.056033
0.643600, 0.030683, 0.056600
0.652200, 0.031111, 0.056600
0.656600, 0.031542, 0.056600
0.658000, 0.031973, 0.056600
0.663400, 0.032408, 0.056600
0.665600, 0.032408, 0.057187
0.665800, 0.032845, 0.057187
0.668400, 0.032845, 0.057776
0.668800, 0.033283, 0.057776
0.671600, 0.033283, 0.058368
0.680000, 0.033283, 0.058967
0.680200, 0.033283, 0.059566
0.681000, 0.033283, 0.060166
0.688600, 0.033283, 0.060773
0.689200, 0.033283, 0.061380
0.689200, 0.033735, 0.061380
0.694400, 0.034190, 0.061380
0.698200, 0.034648, 0.061380
0.699000, 0.035106, 0.061380
0.703200, 0.035106, 0.062000
0.703200, 0.035567, 0.062000
0.703800, 0.036029, 0.062000
0.704600, 0.036491, 0.062000
0.706000, 0.036491, 0.062622
0.707000, 0.036955, 0.062622
0.708200, 0.037419, 0.062622
0.708600, 0.037884, 0.062622
0.709000, 0.037884, 0.063247
0.710600, 0.037884, 0.063873
0.712800, 0.037884, 0.064501
0.717800, 0.037884, 0.065134
0.719200, 0.037884, 0.065767
0.726200, 0.037884, 0.066407
0.726400, 0.038360, 0.066407
0.727200, 0.038360, 0.067048
0.727600, 0.038837, 0.067048
0.729000, 0.039315, 0.067048
0.732400, 0.039315, 0.067694
0.737000, 0.039798, 0.067694
0.737800, 0.040282, 0.067694
0.743400, 0.040769, 0.067694
0.744600, 0.040769, 0.068350
0.746800, 0.041259, 0.068350
0.746800, 0.041749, 0.068350
0.749000, 0.041749, 0.069010
0.749400, 0.041749, 0.069670
0.756400, 0.042245, 0.069670
0.757400, 0.042245, 0.070338
0.760000, 0.042245, 0.071007
0.762800, 0.042245, 0.071679
0.767800, 0.042748, 0.071679
0.769400, 0.043253, 0.071679
0.773800, 0.043760, 0.071679
0.774600, 0.043760, 0.072362
0.774800, 0.044268, 0.072362
0.775000, 0.044268, 0.073045
0.780000, 0.044779, 0.073045
0.781400, 0.044779, 0.073734
0.782600, 0.044779, 0.074423
0.788200, 0.045296, 0.074423
0.790000, 0.045814, 0.074423
0.795600, 0.045814, 0.075124
0.796200, 0.045814, 0.075826
0.802200, 0.046340, 0.075826
0.805400, 0.046340, 0.076536
0.810800, 0.046872, 0.076536
0.814800, 0.046872, 0.077254
0.819800, 0.047409, 0.077254
0.820200, 0.047947, 0.077254
0.820400, 0.047947, 0.077976
0.822400, 0.048487, 0.077976
0.824400, 0.048487, 0.078703
0.828400, 0.048487, 0.079433
0.831600, 0.049032, 0.079433
0.832000, 0.049577, 0.079433
0.834600, 0.049577, 0.080168
0.834600, 0.049577, 0.080904
0.834800, 0.049577, 0.081639
0.836400, 0.050126, 0.081639
0.836400, 0.050674, 0.081639
0.837200, 0.050674, 0.082377
0.839600, 0.051225, 0.082377
0.839800, 0.051225, 0.083117
0.841200, 0.051225, 0.083858
0.841800, 0.051777, 0.083858
0.843400, 0.051777, 0.084602
0.843800, 0.051777, 0.085345
0.844000, 0.051777, 0.086089
0.847400, 0.052332, 0.086089
0.849800, 0.052890, 0.086089
0.853800, 0.053449, 0.086089
0.855000, 0.054010, 0.086089
0.859400, 0.054010, 0.086846
0.859800, 0.054574, 0.086846
0.861800, 0.054574, 0.087606
0.862400, 0.054574, 0.088366
0.865200, 0.055141, 0.088366
0.866600, 0.055141, 0.089129
0.870200, 0.055141, 0.089896
0.871800, 0.055141, 0.090664
0.872600, 0.055713, 0.090664
0.872800, 0.055713, 0.091433
0.875400, 0.055713, 0.092205
0.875600, 0.055713, 0.092976
0.876600, 0.055713, 0.093749
0.878200, 0.056289, 0.093749
0.881000, 0.056289, 0.094525
0.881000, 0.056867, 0.094525
0.882200, 0.056867, 0.095303
0.882800, 0.057446, 0.095303
0.886000, 0.057446, 0.096083
0.887000, 0.058027, 0.096083
0.889000, 0.058027, 0.096867
0.890000, 0.058611, 0.096867
0.893400, 0.058611, 0.097654
0.898800, 0.059200, 0.097654
0.904400, 0.059793, 0.097654
0.907800, 0.059793, 0.098454
0.910600, 0.059793, 0.099256
0.916400, 0.059793, 0.100064
0.921000, 0.060397, 0.100064
0.921400, 0.060397, 0.100876
0.922000, 0.061001, 0.100876
0.923000, 0.061001, 0.101689
0.925800, 0.061609, 0.101689
0.926200, 0.061609, 0.102505
0.927600, 0.061609, 0.103323
0.927800, 0.062217, 0.103323
0.932600, 0.062217, 0.104145
0.940800, 0.062217, 0.104974
0.945400, 0.062217, 0.105807
0.945400, 0.062217, 0.106640
0.947400, 0.062838, 0.106640
0.952400, 0.062838, 0.107479
0.952800, 0.062838, 0.108319
0.953000, 0.062838, 0.109158
0.960600, 0.062838, 0.110005
0.967400, 0.062838, 0.110857
0.968200, 0.062838, 0.111710
0.969800, 0.062838, 0.112565
0.970400, 0.062838, 0.113420
0.971600, 0.062838, 0.114276
0.974200, 0.063477, 0.114276
0.975200, 0.064116, 0.114276
0.976400, 0.064757, 0.114276
0.980200, 0.064757, 0.115140
0.988000, 0.064757, 0.116011
0.988400, 0.065405, 0.116011
0.989000, 0.065405, 0.116882
0.990400, 0.065405, 0.117755
0.991200, 0.065405, 0.118628
0.994600, 0.065405, 0.119505
0.995400, 0.066057, 0.119505
0.996600, 0.066057, 0.120383
0.997600, 0.066711, 0.120383
0.998400, 0.066711, 0.121263
0.999200, 0.066711, 0.122143
1.000800, 0.066711, 0.123025
1.002800, 0.067369, 0.123025
1.007200, 0.067369, 0.123913
1.009000, 0.068031, 0.123913
1.010000, 0.068031, 0.124803
1.012400, 0.068031, 0.125695
1.024000, 0.068031, 0.126597
1.028800, 0.068705, 0.126597
1.029400, 0.068705, 0.127504
1.030400, 0.068705, 0.128412
1.030600, 0.068705, 0.129321
1.034200, 0.068705, 0.130232
1.039800, 0.068705, 0.131148
1.040000, 0.069387, 0.131148
1.043200, 0.069387, 0.132067
1.044400, 0.070072, 0.132067
1.048200, 0.070759, 0.132067
1.049600, 0.070759, 0.132992
1.052000, 0.071449, 0.132992
1.052800, 0.072139, 0.132992
1.057800, 0.072139, 0.133924
1.058800, 0.072834, 0.133924
1.064800, 0.073532, 0.133924
1.066400, 0.073532, 0.134864
1.066400, 0.073532, 0.135804
1.073000, 0.074235, 0.135804
1.074400, 0.074940, 0.135804
1.077200, 0.075646, 0.135804
1.077600, 0.076353, 0.135804
1.080000, 0.077061, 0.135804
1.083800, 0.077061, 0.136759
1.087000, 0.077061, 0.137717
1.088600, 0.077061, 0.138676
1.093800, 0.077061, 0.139640
1.094000, 0.077778, 0.139640
1.098400, 0.078498, 0.139640
1.105000, 0.079223, 0.139640
1.107600, 0.079223, 0.140616
1.110400, 0.079223, 0.141594
1.114400, 0.079223, 0.142576
1.116200, 0.079955, 0.142576
1.116800, 0.079955, 0.143560
1.118000, 0.079955, 0.144546
1.121800, 0.080690, 0.144546
1.125200, 0.081428, 0.144546
1.128000, 0.081428, 0.145540
1.134000, 0.081428, 0.146539
1.134400, 0.081428, 0.147539
1.139800, 0.082175, 0.147539
1.141800, 0.082175, 0.148545
1.143800, 0.082925, 0.148545
1.145400, 0.082925, 0.149554
1.146200, 0.083677, 0.149554
1.147000, 0.084429, 0.149554
1.149600, 0.084429, 0.150567
1.153400, 0.084429, 0.151583
1.154800, 0.084429, 0.152601
1.156400, 0.084429, 0.153620
1.156600, 0.085187, 0.153620
1.159400, 0.085948, 0.153620
1.160000, 0.086708, 0.153620
1.160800, 0.087469, 0.153620
1.168200, 0.088235, 0.153620
1.173600, 0.088235, 0.154654
1.177000, 0.089007, 0.154654
1.177800, 0.089779, 0.154654
1.178200, 0.089779, 0.155692
1.179200, 0.090553, 0.155692
1.181800, 0.090553, 0.156734
1.182000, 0.091328, 0.156734
1.186400, 0.092106, 0.156734
1.187800, 0.092106, 0.157781
1.190000, 0.092106, 0.158829
1.192400, 0.092887, 0.158829
1.197800, 0.093673, 0.158829
1.199400, 0.093673, 0.159886
1.199800, 0.093673, 0.160943
1.202800, 0.094461, 0.160943
1.203000, 0.094461, 0.162003
1.204000, 0.094461, 0.163064
1.214400, 0.095258, 0.163064
1.214800, 0.095258, 0.164135
1.215400, 0.095258, 0.165206
1.215400, 0.096055, 0.165206
1.217800, 0.096853, 0.165206
1.219200, 0.096853, 0.166280
1.221000, 0.096853, 0.167356
1.224000, 0.096853, 0.168435
1.225400, 0.097657, 0.168435
1.225600, 0.097657, 0.169515
1.226000, 0.097657, 0.170595
1.232600, 0.098465, 0.170595
1.242800, 0.099280, 0.170595
1.243800, 0.099280, 0.171691
1.244600, 0.100096, 0.171691
1.247000, 0.100913, 0.171691
1.252000, 0.101734, 0.171691
1.257200, 0.101734, 0.172799
1.258000, 0.101734, 0.173908
1.260400, 0.101734, 0.175018
1.261000, 0.101734, 0.176129
1.261000, 0.101734, 0.177241
1.262800, 0.101734, 0.178353
1.268200, 0.102566, 0.178353
1.269200, 0.103398, 0.178353
1.270200, 0.104231, 0.178353
1.272400, 0.105065, 0.178353
1.273400, 0.105900, 0.178353
1.274400, 0.105900, 0.179476
1.278000, 0.105900, 0.180603
1.284800, 0.105900, 0.181735
1.284800, 0.105900, 0.182867
1.285800, 0.105900, 0.184000
1.286400, 0.106744, 0.184000
1.286600, 0.106744, 0.185134
1.290000, 0.106744, 0.186270
1.295800, 0.106744, 0.187412
1.301800, 0.106744, 0.188559
1.303200, 0.107598, 0.188559
1.304600, 0.108454, 0.188559
1.305000, 0.108454, 0.189709
1.308200, 0.108454, 0.190862
1.313400, 0.108454, 0.192019
1.313600, 0.108454, 0.193177
1.316800, 0.108454, 0.194337
1.317200, 0.108454, 0.195498
1.318600, 0.108454, 0.196660
1.324800, 0.108454, 0.197827
1.325800, 0.108454, 0.198996
1.326800, 0.109324, 0.198996
1.330600, 0.109324, 0.200168
1.333600, 0.109324, 0.201343
1.336800, 0.110200, 0.201343
1.338000, 0.110200, 0.202522
1.341000, 0.110200, 0.203704
1.346400, 0.110200, 0.204891
1.349200, 0.110200, 0.206080
1.353000, 0.111087, 0.206080
1.353400, 0.111087, 0.207272
1.354800, 0.111087, 0.208466
1.361200, 0.111980, 0.208466
1.363600, 0.112874, 0.208466
1.373000, 0.112874, 0.209676
1.378400, 0.113778, 0.209676
1.381600, 0.113778, 0.210893
1.382000, 0.114684, 0.210893
1.395400, 0.114684, 0.212123
1.398800, 0.114684, 0.213356
1.400200, 0.114684, 0.214589
1.403600, 0.115604, 0.214589
1.405400, 0.115604, 0.215828
1.409600, 0.116529, 0.215828
1.412200, 0.116529, 0.217072
1.415000, 0.117456, 0.217072
1.418400, 0.117456, 0.218322
1.419600, 0.118387, 0.218322
1.428600, 0.118387, 0.219581
1.429000, 0.118387, 0.220840
1.429000, 0.118387, 0.222100
1.433800, 0.118387, 0.223363
1.438000, 0.119330, 0.223363
1.438800, 0.119330, 0.224631
1.440400, 0.119330, 0.225900
1.440800, 0.119330, 0.227170
1.444800, 0.120277, 0.227170
1.449400, 0.120277, 0.228447
1.450400, 0.120277, 0.229725
1.452200, 0.121230, 0.229725
1.452400, 0.122182, 0.229725
1.457600, 0.123138, 0.229725
1.460400, 0.124095, 0.229725
1.462200, 0.124095, 0.231014
1.462400, 0.124095, 0.232302
1.463600, 0.125055, 0.232302
1.466800, 0.125055, 0.233595
1.472800, 0.126021, 0.233595
1.475200, 0.126021, 0.234895
1.478200, 0.126990, 0.234895
1.479800, 0.126990, 0.236199
1.479800, 0.126990, 0.237503
1.481600, 0.126990, 0.238808
1.481800, 0.126990, 0.240114
1.484000, 0.126990, 0.241422
1.484400, 0.126990, 0.242730
1.488600, 0.127966, 0.242730
1.491600, 0.128944, 0.242730
1.493000, 0.129923, 0.242730
1.496600, 0.130904, 0.242730
1.497600, 0.131886, 0.242730
1.505000, 0.132873, 0.242730
1.507000, 0.132873, 0.244058
1.507400, 0.132873, 0.245386
1.508600, 0.133862, 0.245386
1.509800, 0.133862, 0.246716
1.514000, 0.134855, 0.246716
1.514800, 0.135848, 0.246716
1.515200, 0.136842, 0.246716
1.516400, 0.137836, 0.246716
1.516800, 0.137836, 0.248053
1.518200, 0.138832, 0.248053
1.521400, 0.138832, 0.249394
1.523800, 0.139831, 0.249394
1.526200, 0.139831, 0.250739
1.529800, 0.139831, 0.252087
1.531000, 0.139831, 0.253436
1.532200, 0.139831, 0.254786
1.537600, 0.139831, 0.256141
1.545000, 0.140844, 0.256141
1.546800, 0.141858, 0.256141
1.547000, 0.142872, 0.256141
1.549600, 0.143888, 0.256141
1.552000, 0.143888, 0.257509
1.552400, 0.144906, 0.257509
1.552800, 0.144906, 0.258877
1.557600, 0.145928, 0.258877
1.559000, 0.146950, 0.258877
1.560800, 0.146950, 0.260252
1.565800, 0.146950, 0.261632
1.571400, 0.146950, 0.263017
1.573600, 0.146950, 0.264403
1.580600, 0.147986, 0.264403
1.584800, 0.149025, 0.264403
1.585000, 0.149025, 0.265800
1.586000, 0.150065, 0.265800
1.587400, 0.151106, 0.265800
1.589600, 0.152148, 0.265800
1.593800, 0.153193, 0.265800
1.596000, 0.153193, 0.267206
1.598200, 0.153193, 0.268615
1.598800, 0.154242, 0.268615
1.605200, 0.155294, 0.268615
1.606200, 0.155294, 0.270030
1.614000, 0.156353, 0.270030
1.618200, 0.157414, 0.270030
1.620800, 0.157414, 0.271458
1.626200, 0.157414, 0.272891
1.636000, 0.157414, 0.274333
1.637400, 0.158487, 0.274333
1.639200, 0.159562, 0.274333
1.642400, 0.159562, 0.275780
1.643600, 0.160640, 0.275780
1.645400, 0.161719, 0.275780
1.648600, 0.162800, 0.275780
1.648600, 0.163881, 0.275780
1.652200, 0.163881, 0.277236
1.653800, 0.163881, 0.278694
1.655200, 0.163881, 0.280152
1.656400, 0.163881, 0.281612
1.658000, 0.164968, 0.281612
1.660400, 0.164968, 0.283075
1.661400, 0.166057, 0.283075
1.662800, 0.167147, 0.283075
1.669600, 0.168242, 0.283075
1.670400, 0.168242, 0.284547
1.672800, 0.168242, 0.286021
1.682800, 0.169346, 0.286021
1.687800, 0.170452, 0.286021
1.688800, 0.171560, 0.286021
1.690400, 0.172668, 0.286021
1.698600, 0.173782, 0.286021
1.702400, 0.174898, 0.286021
1.703600, 0.174898, 0.287522
1.704600, 0.176016, 0.287522
1.704800, 0.176016, 0.289024
1.710000, 0.176016, 0.290531
1.713200, 0.177139, 0.290531
1.718400, 0.178266, 0.290531
1.718800, 0.179393, 0.290531
1.721400, 0.179393, 0.292048
1.721400, 0.180521, 0.292048
1.728400, 0.180521, 0.293571
1.729600, 0.181656, 0.293571
1.731600, 0.182791, 0.293571
1.731600, 0.183926, 0.293571
1.735600, 0.185064, 0.293571
1.738200, 0.185064, 0.295103
1.738600, 0.185064, 0.296635
1.743200, 0.186207, 0.296635
1.754000, 0.187358, 0.296635
1.759200, 0.187358, 0.298185
1.759600, 0.188511, 0.298185
1.760800, 0.189666, 0.298185
1.764000, 0.190822, 0.298185
1.772000, 0.191984, 0.298185
1.772200, 0.191984, 0.299747
1.776600, 0.191984, 0.301312
1.778200, 0.191984, 0.302879
1.779400, 0.191984, 0.304447
1.780200, 0.193152, 0.304447
1.780600, 0.193152, 0.306016
1.781000, 0.193152, 0.307586
1.781800, 0.194320, 0.307586
1.787400, 0.195492, 0.307586
1.791400, 0.196667, 0.307586
1.793800, 0.197843, 0.307586
1.805200, 0.197843, 0.309176
1.809200, 0.197843, 0.310771
1.809600, 0.199029, 0.310771
1.810800, 0.200217, 0.310771
1.818200, 0.201409, 0.310771
1.818800, 0.202601, 0.310771
1.823600, 0.202601, 0.312378
1.823800, 0.202601, 0.313985
1.827800, 0.202601, 0.315595
1.830200, 0.203801, 0.315595
1.838800, 0.205007, 0.315595
1.846400, 0.205007, 0.317223
1.847400, 0.205007, 0.318850
1.847400, 0.206218, 0.318850
1.857400, 0.207436, 0.318850
1.859800, 0.208656, 0.318850
1.861000, 0.208656, 0.320490
1.861000, 0.209876, 0.320490
1.862600, 0.211097, 0.320490
1.864800, 0.212320, 0.320490
1.865400, 0.213543, 0.320490
1.866400, 0.213543, 0.322135
1.868200, 0.214768, 0.322135
1.868400, 0.215993, 0.322135
1.870600, 0.215993, 0.323783
1.871400, 0.215993, 0.325432
1.871400, 0.217220, 0.325432
1.884000, 0.218456, 0.325432
1.884800, 0.218456, 0.327093
1.886200, 0.218456, 0.328755
1.893000, 0.219697, 0.328755
1.895600, 0.219697, 0.330426
1.898200, 0.220942, 0.330426
1.900400, 0.222188, 0.330426
1.901800, 0.223435, 0.330426
1.902600, 0.223435, 0.332102
1.905800, 0.223435, 0.333782
1.907000, 0.223435, 0.335462
1.909600, 0.224687, 0.335462
1.913200, 0.224687, 0.337148
1.918000, 0.225944, 0.337148
1.918600, 0.225944, 0.338839
1.926000, 0.225944, 0.340536
1.926200, 0.227207, 0.340536
1.929000, 0.227207, 0.342236
1.932200, 0.228474, 0.342236
1.935200, 0.229743, 0.342236
1.939800, 0.229743, 0.343945
1.942600, 0.229743, 0.345657
1.943600, 0.229743, 0.347370
1.945000, 0.231018, 0.347370
1.946000, 0.232294, 0.347370
1.955800, 0.232294, 0.349093
1.955800, 0.232294, 0.350817
1.959000, 0.233579, 0.350817
1.961000, 0.233579, 0.352545
1.963400, 0.233579, 0.354275
1.964200, 0.233579, 0.356006
1.972200, 0.233579, 0.357744
1.974600, 0.234874, 0.357744
1.979200, 0.234874, 0.359488
1.979600, 0.234874, 0.361232
1.988000, 0.234874, 0.362984
1.990400, 0.234874, 0.364738
1.992600, 0.236180, 0.364738
1.993000, 0.237487, 0.364738
1.993400, 0.238794, 0.364738
1.994400, 0.238794, 0.366495
1.996400, 0.240103, 0.366495
2.000200, 0.241415, 0.366495
2.005800, 0.242730, 0.366495
2.007600, 0.244046, 0.366495
2.008200, 0.244046, 0.368265
2.014200, 0.245367, 0.368265
2.018600, 0.246691, 0.368265
2.021600, 0.248016, 0.368265
2.025200, 0.249344, 0.368265
2.028200, 0.250674, 0.368265
2.038400, 0.250674, 0.370061
2.047000, 0.250674, 0.371865
2.048000, 0.250674, 0.373670
2.049600, 0.252018, 0.373670
2.051600, 0.252018, 0.375477
2.056200, 0.253366, 0.375477
2.070200, 0.253366, 0.377302
2.071800, 0.254724, 0.377302
2.073400, 0.256084, 0.377302
2.076000, 0.257445, 0.377302
2.076200, 0.257445, 0.379131
2.079800, 0.257445, 0.380964
2.081200, 0.257445, 0.382798
2.082200, 0.258811, 0.382798
2.084600, 0.260177, 0.382798
2.085000, 0.261544, 0.382798
2.095000, 0.261544, 0.384644
2.096000, 0.261544, 0.386491
2.097600, 0.261544, 0.388339
2.105200, 0.261544, 0.390194
2.112400, 0.261544, 0.392056
2.114600, 0.262931, 0.392056
2.116000, 0.264318, 0.392056
2.124000, 0.264318, 0.393928
2.141000, 0.265722, 0.393928
2.150200, 0.267132, 0.393928
2.150400, 0.268542, 0.393928
2.152400, 0.269954, 0.393928
2.158800, 0.269954, 0.395830
2.163400, 0.271372, 0.395830
2.174400, 0.272798, 0.395830
2.174400, 0.274224, 0.395830
2.175600, 0.275650, 0.395830
2.176400, 0.275650, 0.397748
2.178400, 0.277078, 0.397748
2.181400, 0.278509, 0.397748
2.181400, 0.279939, 0.397748
2.181600, 0.281370, 0.397748
2.187200, 0.282804, 0.397748
2.189400, 0.284239, 0.397748
2.191200, 0.284239, 0.399679
2.191400, 0.284239, 0.401610
2.192200, 0.284239, 0.403541
2.193200, 0.285677, 0.403541
2.197400, 0.285677, 0.405478
2.204200, 0.285677, 0.407420
2.205800, 0.285677, 0.409364
2.207200, 0.287125, 0.409364
2.207600, 0.288572, 0.409364
2.211600, 0.290022, 0.409364
2.212800, 0.291473, 0.409364
2.214200, 0.292925, 0.409364
2.225600, 0.292925, 0.411325
2.232400, 0.292925, 0.413292
2.253400, 0.292925, 0.415278
2.253800, 0.294403, 0.415278
2.254600, 0.294403, 0.417265
2.266600, 0.294403, 0.419262
2.271200, 0.294403, 0.421263
2.273800, 0.294403, 0.423267
2.287800, 0.295903, 0.423267
2.302600, 0.295903, 0.425296
2.318000, 0.295903, 0.427339
2.325400, 0.297428, 0.427339
2.327800, 0.297428, 0.429390
2.352800, 0.297428, 0.431463
2.358600, 0.298974, 0.431463
2.360800, 0.298974, 0.433544
2.361400, 0.300523, 0.433544
2.362400, 0.302072, 0.433544
2.362600, 0.303621, 0.433544
2.364000, 0.303621, 0.435627
2.388800, 0.303621, 0.437732
2.389000, 0.305187, 0.437732
2.391400, 0.306755, 0.437732
2.392800, 0.308324, 0.437732
2.400000, 0.308324, 0.439847
2.409600, 0.309904, 0.439847
2.410200, 0.311484, 0.439847
2.412400, 0.311484, 0.441972
2.412400, 0.313066, 0.441972
2.415400, 0.314650, 0.441972
2.417200, 0.316235, 0.441972
2.420800, 0.317822, 0.441972
2.423600, 0.319411, 0.441972
2.426600, 0.321002, 0.441972
2.433800, 0.321002, 0.444117
2.438400, 0.321002, 0.446266
2.453800, 0.321002, 0.448428
2.458200, 0.321002, 0.450594
2.459200, 0.321002, 0.452761
2.463600, 0.321002, 0.454932
2.472600, 0.322624, 0.454932
2.477600, 0.324248, 0.454932
2.491400, 0.325882, 0.454932
2.496200, 0.325882, 0.457132
2.498200, 0.325882, 0.459333
2.509000, 0.327527, 0.459333
2.522000, 0.329181, 0.459333
2.523800, 0.329181, 0.461557
2.525200, 0.329181, 0.463782
2.533400, 0.329181, 0.466015
2.535600, 0.330843, 0.466015
2.543400, 0.332511, 0.466015
2.548400, 0.332511, 0.468260
2.548800, 0.334182, 0.468260
2.553400, 0.335856, 0.468260
2.554200, 0.337531, 0.468260
2.556400, 0.339207, 0.468260
2.564200, 0.340889, 0.468260
2.569600, 0.340889, 0.470525
2.571200, 0.340889, 0.472791
2.571800, 0.342575, 0.472791
2.576200, 0.342575, 0.475061
2.581000, 0.342575, 0.477335
2.593200, 0.344275, 0.477335
2.600600, 0.345981, 0.477335
2.607400, 0.347690, 0.477335
2.612800, 0.349403, 0.477335
2.615600, 0.351119, 0.477335
2.616000, 0.351119, 0.479640
2.623800, 0.351119, 0.481952
2.625200, 0.351119, 0.484266
2.634200, 0.352846, 0.484266
2.634200, 0.354573, 0.484266
2.640200, 0.356304, 0.484266
2.643800, 0.356304, 0.486595
2.648800, 0.356304, 0.488930
2.649200, 0.358041, 0.488930
2.653200, 0.359781, 0.488930
2.663400, 0.361527, 0.488930
2.673000, 0.361527, 0.491285
2.675400, 0.363282, 0.491285
2.675600, 0.365036, 0.491285
2.677200, 0.365036, 0.493644
2.682400, 0.366795, 0.493644
2.691200, 0.366795, 0.496016
2.698000, 0.366795, 0.498393
2.719200, 0.368578, 0.498393
2.720200, 0.368578, 0.500790
2.724800, 0.368578, 0.503191
2.730000, 0.370368, 0.503191
2.735200, 0.372161, 0.503191
2.741000, 0.373958, 0.503191
2.741800, 0.373958, 0.505607
2.742400, 0.375757, 0.505607
2.745000, 0.377557, 0.505607
2.749200, 0.379359, 0.505607
2.749400, 0.379359, 0.508030
2.756200, 0.381166, 0.508030
2.757000, 0.382974, 0.508030
2.777400, 0.384795, 0.508030
2.787600, 0.386623, 0.508030
2.788200, 0.388451, 0.508030
2.797000, 0.388451, 0.510495
2.804600, 0.390290, 0.510495
2.810200, 0.390290, 0.512971
2.816000, 0.392137, 0.512971
2.816200, 0.393983, 0.512971
2.818800, 0.393983, 0.515455
2.819000, 0.395832, 0.515455
2.822400, 0.397682, 0.515455
2.848600, 0.399550, 0.515455
2.860800, 0.399550, 0.517976
2.862200, 0.399550, 0.520498
2.864800, 0.399550, 0.523023
2.872200, 0.401433, 0.523023
2.875200, 0.403319, 0.523023
2.886000, 0.405211, 0.523023
2.888800, 0.407105, 0.523023
2.890600, 0.409000, 0.523023
2.892000, 0.409000, 0.525571
2.908800, 0.410908, 0.525571
2.910000, 0.412816, 0.525571
2.918800, 0.412816, 0.528143
2.921200, 0.412816, 0.530717
2.924200, 0.414733, 0.530717
2.928400, 0.416653, 0.530717
2.932400, 0.416653, 0.533301
2.945000, 0.418584, 0.533301
2.949800, 0.420519, 0.533301
2.956600, 0.420519, 0.535907
2.969800, 0.420519, 0.538523
2.970800, 0.420519, 0.541141
2.972000, 0.422467, 0.541141
2.974400, 0.422467, 0.543762
2.978600, 0.424420, 0.543762
2.980200, 0.426374, 0.543762
2.984600, 0.426374, 0.546392
2.985200, 0.428332, 0.546392
2.985400, 0.430289, 0.546392
2.987200, 0.430289, 0.549025
2.988800, 0.432249, 0.549025
2.998400, 0.432249, 0.551667
3.001600, 0.434217, 0.551667
3.023400, 0.436200, 0.551667
3.031600, 0.438187, 0.551667
3.031800, 0.438187, 0.554339
3.038200, 0.438187, 0.557016
3.065600, 0.440198, 0.557016
3.081400, 0.442218, 0.557016
3.091400, 0.444245, 0.557016
3.105200, 0.446281, 0.557016
3.120000, 0.448327, 0.557016
3.120800, 0.450373, 0.557016
3.132000, 0.450373, 0.559776
3.133200, 0.452428, 0.559776
3.138400, 0.452428, 0.562541
3.141800, 0.454488, 0.562541
3.142200, 0.456548, 0.562541
3.142800, 0.456548, 0.565311
3.148800, 0.456548, 0.568085
3.162200, 0.456548, 0.570872
3.177400, 0.458631, 0.570872
3.177600, 0.458631, 0.573672
3.180400, 0.460717, 0.573672
3.181400, 0.462803, 0.573672
3.186400, 0.462803, 0.576480
3.190400, 0.464895, 0.576480
3.219800, 0.464895, 0.579317
3.242800, 0.467021, 0.579317
3.243000, 0.469147, 0.579317
3.264600, 0.471288, 0.579317
3.285800, 0.471288, 0.582213
3.294600, 0.473448, 0.582213
3.299400, 0.475612, 0.582213
3.319200, 0.475612, 0.585137
3.319400, 0.475612, 0.588062
3.321800, 0.477790, 0.588062
3.331600, 0.479974, 0.588062
3.341200, 0.479974, 0.591007
3.349800, 0.482171, 0.591007
3.374000, 0.484383, 0.591007
3.384400, 0.484383, 0.593989
3.387000, 0.484383, 0.596974
3.393600, 0.484383, 0.599964
3.419600, 0.484383, 0.602977
3.455600, 0.486649, 0.602977
3.455800, 0.486649, 0.606023
3.457600, 0.488916, 0.606023
3.464400, 0.491187, 0.606023
3.469600, 0.493462, 0.606023
3.470000, 0.495738, 0.606023
3.485600, 0.495738, 0.609094
3.505200, 0.498036, 0.609094
3.512000, 0.500339, 0.609094
3.516400, 0.502645, 0.609094
3.525200, 0.504956, 0.609094
3.525200, 0.507267, 0.609094
3.535800, 0.507267, 0.612210
3.547400, 0.509593, 0.612210
3.551600, 0.511922, 0.612210
3.566800, 0.514261, 0.612210
3.583400, 0.516611, 0.612210
3.587400, 0.516611, 0.615371
3.591200, 0.516611, 0.618536
3.597600, 0.516611, 0.621706
3.603600, 0.516611, 0.624881
3.618400, 0.516611, 0.628070
3.623800, 0.518987, 0.628070
3.626200, 0.521364, 0.628070
3.628000, 0.523743, 0.628070
3.636600, 0.526128, 0.628070
3.678600, 0.528540, 0.628070
3.679600, 0.530952, 0.628070
3.680600, 0.533366, 0.628070
3.686800, 0.535783, 0.628070
3.702200, 0.538211, 0.628070
3.713400, 0.540646, 0.628070
3.719800, 0.540646, 0.631348
3.728600, 0.540646, 0.634633
3.728800, 0.540646, 0.637919
3.731400, 0.540646, 0.641207
3.736600, 0.543096, 0.641207
3.738000, 0.545547, 0.641207
3.760200, 0.545547, 0.644521
3.761200, 0.545547, 0.647835
3.763000, 0.548014, 0.647835
3.763800, 0.550482, 0.647835
3.775000, 0.550482, 0.651162
3.786200, 0.550482, 0.654498
3.788800, 0.550482, 0.657837
3.804600, 0.550482, 0.661189
3.827800, 0.550482, 0.664562
3.828800, 0.552992, 0.664562
3.829200, 0.552992, 0.667937
3.864400, 0.555526, 0.667937
3.872800, 0.555526, 0.671349
3.875800, 0.555526, 0.674765
3.888600, 0.558076, 0.674765
3.911000, 0.560640, 0.674765
3.927200, 0.563216, 0.674765
3.934400, 0.563216, 0.678232
3.943400, 0.563216, 0.681707
3.952000, 0.565807, 0.681707
3.962400, 0.568405, 0.681707
3.968000, 0.571007, 0.681707
3.974400, 0.571007, 0.685209
3.974600, 0.573613, 0.685209
3.981000, 0.576223, 0.685209
3.983000, 0.578835, 0.685209
3.983800, 0.581447, 0.685209
3.985600, 0.584060, 0.685209
4.000000, 0.584060, 0.688734
4.015600, 0.586693, 0.688734
4.026200, 0.589333, 0.688734
4.056400, 0.591993, 0.688734
4.066800, 0.594660, 0.688734
4.074000, 0.597331, 0.688734
4.077800, 0.600005, 0.688734
4.083200, 0.602682, 0.688734
4.096400, 0.605368, 0.688734
4.106400, 0.608061, 0.688734
4.119200, 0.608061, 0.692364
4.121600, 0.608061, 0.695995
4.136400, 0.610773, 0.695995
4.137600, 0.610773, 0.699641
4.141800, 0.610773, 0.703291
4.159000, 0.610773, 0.706956
4.165600, 0.610773, 0.710627
4.174200, 0.610773, 0.714305
4.174600, 0.613510, 0.714305
4.197400, 0.616262, 0.714305
4.202000, 0.619017, 0.714305
4.205800, 0.621775, 0.714305
4.206200, 0.624533, 0.714305
4.216800, 0.627298, 0.714305
4.241200, 0.627298, 0.718042
4.255800, 0.630089, 0.718042
4.280200, 0.630089, 0.721814
4.281600, 0.632896, 0.721814
4.287400, 0.632896, 0.725592
4.332800, 0.635737, 0.725592
4.347600, 0.635737, 0.729423
4.364200, 0.638599, 0.729423
4.371000, 0.641465, 0.729423
4.405600, 0.644353, 0.729423
4.464200, 0.644353, 0.733357
4.473000, 0.647286, 0.733357
4.474200, 0.650220, 0.733357
4.481400, 0.653158, 0.733357
4.492400, 0.653158, 0.737316
4.502800, 0.656111, 0.737316
4.518600, 0.656111, 0.741298
4.530800, 0.659082, 0.741298
4.543800, 0.659082, 0.745302
4.545400, 0.659082, 0.749307
4.569600, 0.659082, 0.753334
4.574600, 0.662081, 0.753334
4.588800, 0.662081, 0.757377
4.613000, 0.665106, 0.757377
4.625000, 0.668139, 0.757377
4.676200, 0.671205, 0.757377
4.726200, 0.674304, 0.757377
4.732800, 0.677407, 0.757377
4.736800, 0.677407, 0.761551
4.763800, 0.680531, 0.761551
4.781200, 0.683666, 0.761551
4.790800, 0.683666, 0.765773
4.830400, 0.683666, 0.770030
4.831600, 0.686834, 0.770030
4.889200, 0.686834, 0.774338
4.919800, 0.686834, 0.778673
4.923600, 0.686834, 0.783012
4.952600, 0.690081, 0.783012
4.954200, 0.693329, 0.783012
4.959600, 0.696581, 0.783012
4.966600, 0.696581, 0.787389
4.977600, 0.699845, 0.787389
5.010200, 0.703130, 0.787389
5.027600, 0.706427, 0.787389
5.033800, 0.709728, 0.787389
5.046800, 0.709728, 0.791836
5.089200, 0.709728, 0.796320
5.092600, 0.709728, 0.800808
5.100400, 0.713072, 0.800808
5.150600, 0.713072, 0.805347
5.249400, 0.716514, 0.805347
5.255200, 0.719960, 0.805347
5.279000, 0.723421, 0.805347
5.296600, 0.723421, 0.810014
5.299600, 0.726896, 0.810014
5.303000, 0.726896, 0.814687
5.351800, 0.730405, 0.814687
5.363400, 0.733922, 0.814687
5.381800, 0.733922, 0.819429
5.385200, 0.733922, 0.824175
5.388600, 0.733922, 0.828923
5.392400, 0.733922, 0.833675
5.431400, 0.733922, 0.838461
5.466000, 0.737506, 0.838461
5.481800, 0.741100, 0.838461
5.572600, 0.741100, 0.843372
5.586600, 0.744763, 0.843372
5.621200, 0.748449, 0.843372
5.694000, 0.748449, 0.848389
5.876200, 0.748449, 0.853567
5.913800, 0.752327, 0.853567
5.963600, 0.752327, 0.858822
5.979400, 0.756248, 0.858822
6.032200, 0.756248, 0.864138
6.060600, 0.760221, 0.864138
6.069400, 0.760221, 0.869486
6.073600, 0.760221, 0.874838
6.180200, 0.764274, 0.874838
6.194600, 0.768336, 0.874838
6.211400, 0.768336, 0.880312
6.215000, 0.772411, 0.880312
6.227000, 0.776494, 0.880312
6.251800, 0.780593, 0.880312
6.294200, 0.784720, 0.880312
6.312800, 0.788859, 0.880312
6.337400, 0.788859, 0.885896
6.374200, 0.788859, 0.891513
6.387400, 0.793047, 0.891513
6.424200, 0.793047, 0.897174
6.510000, 0.793047, 0.902911
6.538600, 0.793047, 0.908673
6.601800, 0.797376, 0.908673
6.654800, 0.801740, 0.908673
6.697000, 0.806131, 0.908673
6.779600, 0.810576, 0.908673
6.814800, 0.815045, 0.908673
6.871000, 0.819550, 0.908673
6.915400, 0.824084, 0.908673
6.962800, 0.828650, 0.908673
7.116400, 0.833316, 0.908673
7.128800, 0.837990, 0.908673
7.132400, 0.842667, 0.908673
7.250400, 0.842667, 0.915062
7.683600, 0.847705, 0.915062
7.724200, 0.852770, 0.915062
7.796400, 0.852770, 0.921932
8.121600, 0.858095, 0.921932
8.419400, 0.858095, 0.929351
8.441400, 0.863630, 0.929351
8.804800, 0.869403, 0.929351
8.831200, 0.875194, 0.929351
8.861000, 0.881004, 0.929351
8.862000, 0.886815, 0.929351
8.904600, 0.892653, 0.929351
9.014600, 0.892653, 0.937295
9.127400, 0.892653, 0.945338
9.383400, 0.898806, 0.945338
9.446400, 0.905000, 0.945338
9.511600, 0.905000, 0.953719
9.669000, 0.905000, 0.962240
9.773800, 0.911409, 0.962240
9.877000, 0.917885, 0.962240
10.153400, 0.924543, 0.962240
10.400800, 0.931362, 0.962240
10.569400, 0.938293, 0.962240
10.719800, 0.945322, 0.962240
10.904200, 0.952471, 0.962240
11.203200, 0.959817, 0.962240
11.808200, 0.967560, 0.962240
12.021800, 0.967560, 0.972833
15.037400, 0.967560, 0.986084
15.792000, 0.967560, 1.000000
15.817600, 0.977931, 1.000000
15.906000, 0.988361, 1.000000
17.751000, 1.000000, 1.000000
